"Poste Source","Evènement","Date de détection","Ouvrage","Détail","Priorité","Etat","Échéance","Entité"
"AMPERE",,,"Test","2 Néon HS dans la rame A",,"Réalisée",,
"AMPERE",,,"Test","Absence de bagues câbles HTA au niveau de la Grille HTA TR611 ",,"Réalisée",,
"AMPERE",,,"Test","Affichage réglementaire nouveaux ancrages individuel loge PIT AT à faire",,"A réaliser",,
"AMPERE",,,"Test","beaucoup de poussière sur la RPN et les TT du TR 611 ",,"Réalisée",,
"AMPERE",,,"Test","Bloc secours HS sous sol TR611",,"Réalisée",,
"AMPERE",,,"Test","Bruit Moteur aeros TR 612 bas droit",,"Réalisée",,
"ARGENTEUIL",,,"Test","Batiment tres sale",,"Réalisée",,
"ARGENTEUIL",,,"Test","Concertina HS derriere les condos",,"En cours","travaux en cours demolition",
"ARGENTEUIL",,,"Test","Condos HS a evacuer",,"Réalisée",,
"BOULE",,,"Test","SSI : en dérangement + zone HS + AES 1 et 3 en défaut batteries",,"A réaliser",,
"BOULE",,,"Test","Température élévée dans la salle contrôle commande",,"Réalisée",,
"BILLANCOURT",,,"Test"," Portail Pierre Grenier à reprendre",,"Réalisée",,
"BILLANCOURT",,,"Test","Absence BPAG salle rame",,"A réaliser",,
"BILLANCOURT",,,"Test","aero TR311 a nettoyer",,"A réaliser",,
"BILLANCOURT",,,"Test","Aeros TR314 a nettoyer",,"A réaliser",,
"BILLANCOURT",,,"Test","Aeros TR315 a nettoyer",,"A réaliser",,
"BILLANCOURT",,,"Test","Aeros TR317 a nettoyer",,"A réaliser",,
"BILLANCOURT",,,"Test","BPAG HS dans l'ensemble du PS",,"A réaliser",,
"BILLANCOURT",,,"Test","Câble HTA 1D69  câbles coupés dans la cellule",,"En cours",,
"BILLANCOURT",,,"Test","câble HTA 1D69 coupé dans la cellule",,"A réaliser",,
"BILLANCOURT",,,"Test","Câbles BT coupés et laissés dans le couloir du bâtiment T",,"A réaliser",,
"BILLANCOURT",,,"Test","Caissons anti-bruit du TR317 déposés",,"A réaliser",,
"BILLANCOURT",,,"Test","Commande CI6 HS ",,"A réaliser",,
"BILLANCOURT",,,"Test","Desherbage a faire piste lourde devant les loges TR",,"Réalisée",,
"BILLANCOURT",,,"Test","eclairage exterieur HS ",,"A réaliser",,
"BILLANCOURT",,,"Test","Empiètement barrièrage du décret 94 sur le décret 92 ",,"A réaliser",,
"BILLANCOURT",,,"Test","iso grille HTA TR312 a nettoyer",,"A réaliser",,
"BILLANCOURT",,,"Test","iso grille HTA TR313 a nettoyer",,"A réaliser",,
"BILLANCOURT",,,"Test","iso grille HTA TR314 a nettoyer",,"A réaliser",,
"BILLANCOURT",,,"Test","iso grille HTA TR315 a nettoyer",,"A réaliser",,
"BILLANCOURT",,,"Test","iso grille HTA TR317 a nettoyer",,"A réaliser",,
"BILLANCOURT",,,"Test","iso TR311 sales",,"A réaliser",,
"BILLANCOURT",,,"Test","Joints fenêtre 2ieme étage HS salle stockage ",,"A réaliser",,
"BILLANCOURT",,,"Test","KlaxonHS",,"A réaliser",,
"BILLANCOURT",,,"Test","Locken HS partie extérieur du portail",,"A réaliser",,
"BILLANCOURT",,,"Test","Lot TR312 déposé et laissé au sol",,"A réaliser",,
"BILLANCOURT",,,"Test","Malfaçon au niveau du mur extérieur de la nouvelle ½ rame 3B ",,"A réaliser",,
"BILLANCOURT",,,"Test","MAnque affichage AT 14 et 15",,"A réaliser",,
"BILLANCOURT",,,"Test","Manque baguage cable HTA dans plusieurs rames",,"A réaliser",,
"BILLANCOURT",,,"Test","PIT en derangement aT26+ TR317",,"A réaliser",,
"BILLANCOURT",,,"Test","PIT HS: Zone2(AT26) et zone14(TR317) hors service ",,"En cours",,
"BILLANCOURT",,,"Test","Présence d’un étai dans la galerie HTA ",,"A réaliser",,
"BILLANCOURT",,,"Test","Prévoir Formation SSI",,"Réalisée",,
"BILLANCOURT",,,"Test","Problème circulation huile TR314 + Aéros",,"Réalisée",,
"BILLANCOURT",,,"Test","rames HTA tres poussiereuses suite aux travaux",,"A réaliser",,
"BILLANCOURT",,,"Test","Sonnerie HS",,"A réaliser",,
"BILLANCOURT",,,"Test","SSI HS: Zone 1(RDC) et zone 104(galerie coté RTE) hors service ",,"A réaliser",,
"BILLANCOURT",,,"Test","stockage au rDC normal?",,"A réaliser",,
"BILLANCOURT",,,"Test","TR313 a nettoyer et bruit anormal moteur du milieu",,"A réaliser",,
"BILLANCOURT",,,"Test","TR314 legere fuite bac au sol",,"A réaliser",,
"BILLANCOURT",,,"Test","TS porte ouverte HS",,"A réaliser",,
"BOULE",,,"Test","Absence de BAES dans les salles sous-rames",,"A réaliser",,
"BOULE",,,"Test","Aeros TR612 a faire",,"Réalisée",,
"BOULE",,,"Test","contacteur ventil loge 612 HS",,"A réaliser",,
"BOULE",,,"Test","defaut mineur lot 1A-2A et 1B-2B",,"Réalisée",,
"BOULE",,,"Test","Défaut voyant « ventil B » allumé TR611",,"A réaliser",,
"BOULE",,,"Test","Detecteur GAZ -2 (zone PIT) défaut batterie",,"Réalisée",,
"BOULE",,,"Test","Eclairage gradins de condos HS",,"Réalisée",,
"BOULE",,,"Test","eclairage sanitaires hommes HS ",,"A réaliser",,
"BOULE",,,"Test","Etanchéité coté piste lourde",,"Réalisée",,
"BOULE",,,"Test","Extincteurs du PS non vérifié depuis 2020",,"Réalisée",,
"BOULE",,,"Test","GDP ne voit pas la présence Enedis et RTE",,"Réalisée",,
"BOULE",,,"Test","Groom HS de la porte de la rame 3B",,"Réalisée",,
"BOULE",,,"Test","Manque plaque identif sur l es câbles HTA  (liste dans visite poste CEX)",,"A réaliser",,
"BOULE",,,"Test","Nettoyage poste",,"Réalisée","plus defaut batterie desormais",
"BOULE",,,"Test","Niveau bas conservateur 612",,"A réaliser","STOCK LIES AUX TR SUR PLACE",
"BOULE",,,"Test","Pas BAES sous les rames",,"A réaliser",,
"BOULE",,,"Test","Pas d’alarme sonore",,"Réalisée",,
"BOULE",,,"Test","Plaque signalétique présence SF6 à ajouter",,"Réalisée",,
"BOULE",,,"Test","Plusieurs câbles HTA ne sont pas identifiés au sous-sol des rames      ",,"En cours",,
"BOULE",,,"Test","plusieurs groom et serrures HS",,"Réalisée",,
"BOULE",,,"Test","presence RTE ne remonte pas a l'ACR",,"A réaliser",,
"BOULE",,,"Test","Présence trace pluie au niveau du TGBT (1er étage) + autres murs et sol",,"Réalisée",,
"BOULE",,,"Test","Relamping du R-1 et salle rame 1B à prévoir",,"Réalisée",,
"BOULE",,,"Test","Relamping R-1 a prevoir",,"Réalisée",,
"BOULE",,,"Test","relamping rame 1B a faire",,"A réaliser",,
"BOULE",,,"Test","SSI en dérangement : Dérangement AES (TR611 + TR613) + Surveillance alimentation",,"A réaliser",,
"BOULE",,,"Test","Stock matériel au niveau des RPN 611 + 612 + 613",,"A réaliser",,
"BOULE",,,"Test","Trappes de ventil basses loges 611 et 613 a nettoyer",,"A réaliser",,
"BOULE",,,"Test","trappes extraction haute loge 611 et 612 fermées",,"A réaliser",,
"BOULE",,,"Test","Une boite type « coffret sous trottoir » se trouve à l’entrée de la galerie2",,"En cours",,
"BOULE",,,"Test","Voyant « trappes fermées » allumé TR612 apparemment PB sur câblage",,"A réaliser",,
"COURBEVOIE",,,"Test","Absence TS Porte ouverte",,"A réaliser",,
"COURBEVOIE",,,"Test","Aéros TR311 a nettoyer",,"A réaliser",,
"COURBEVOIE",,,"Test","AEROS TR312 a nettoyer",,"A réaliser",,
"COURBEVOIE",,,"Test","AEROS TR313 a nettoyer",,"A réaliser",,
"COURBEVOIE",,,"Test","Besoin d’installation de miroir pour mieux contrôler l’état des conservateurs (TR312 + AT11)",,"A réaliser",,
"COURBEVOIE",,,"Test","Besoin d’installation de miroir pour mieux contrôler l’état des conservateurs : ATR n°111 + ATR n°112 + TR n°312 + TR n°311",,"A réaliser",,
"COURBEVOIE",,,"Test","besoin miroir pour verif niveau conservateur 312+AT111+AT112",,"A réaliser",,
"COURBEVOIE",,,"Test","Câble 1M33 coupé mais raccordé dans la cellule",,"A réaliser",,
"COURBEVOIE",,,"Test","Câbles  HTA 1M14 (ARTERE COUPELLE) non fixé au mur comme les autres à coté ",,"En cours",,
"COURBEVOIE",,,"Test","Cellule 1M33 (ARTERE COULEUVRE) : Câbles coupés + laissés raccordés à la Cellule HTA ",,"En cours",,
"COURBEVOIE",,,"Test","Déplacement et changement technologie détecteur TR313",,"A réaliser",,
"COURBEVOIE",,,"Test","Eclairage HS (sous sol rame 2A/1B/1A/4A/Grille311/AT111/Liaison 20k/Loge TR311/Sanitaires/Eclairage globe)",,"En cours",,
"COURBEVOIE",,,"Test","eclairages HS a divers endroits voir liste visite CEX",,"A réaliser",,
"COURBEVOIE",,,"Test","Evacuation eau de plui bouchée piste lourde",,"A réaliser",,
"COURBEVOIE",,,"Test","Evacuation eau de pluie bouchée (caniveau sur la piste lourde)",,"En cours",,
"COURBEVOIE",,,"Test","Evacuation eau de pluie bouchée (caniveau sur la piste lourde) ",,"A réaliser",,
"COURBEVOIE",,,"Test","Groom HS : Porte principale/ Salle CC / Sous sol porte principale",,"A réaliser",,
"COURBEVOIE",,,"Test","groom HS voir liste visite CEX",,"A réaliser",,
"COURBEVOIE",,,"Test","KLAXON HS",,"A réaliser",,
"COURBEVOIE",,,"Test","Libellés remontées info PIT non conforme <=> toute alarme hors déclenchement sont affiliées aux alarmes techniques DI bâtiments",,"A réaliser",,
"COURBEVOIE",,,"Test","Locaux TSA empoussiérés ",,"A réaliser",,
"COURBEVOIE",,,"Test","Manque bagage cellules HTA et identif câbles HTA",,"A réaliser",,
"COURBEVOIE",,,"Test","Nombreuses bagues d’identifications de câbles HTA manquantes",,"En cours",,
"COURBEVOIE",,,"Test","Nombreuses identifications de Cellules HTA manquantes ",,"En cours",,
"COURBEVOIE",,,"Test","Nombreux tourets câbles laissés au fond du PS ",,"A réaliser",,
"COURBEVOIE",,,"Test","PIT en dérangement: Dérangement poids bouteilles TR312",,"A réaliser",,
"COURBEVOIE",,,"Test","PIT HS",,"A réaliser",,
"COURBEVOIE",,,"Test","Problème bagotage SSI / Remplacement détecteur aéro TR313",,"Réalisée","ampoule 48 V a commander",
"COURBEVOIE",,,"Test","Problème de condos",,"A réaliser","ampoule 48 V a commander",
"COURBEVOIE",,,"Test","Rames 3A/3B hors exploitation: Les Rames/DJHTA sont restés sur place sans surveillance SF6",,"A réaliser",,
"COURBEVOIE",,,"Test","Serrures HS Portail + Portillon (chainette installée) ",,"Réalisée",,
"COURBEVOIE",,,"Test","SSI en dérangement: Dérangement Zone DI8(Local Technique) et Zone DI10(Local Co2)",,"A réaliser",,
"COURBEVOIE",,,"Test","Stockage de plusieurs DJ HTA posés au sol en salles Rame + TIP en loge TR313",,"A réaliser",,
"COURBEVOIE",,,"Test","Téléphones PS non fonctionnels",,"Réalisée",,
"COURBEVOIE",,,"Test","Terre batterie à identifier ",,"Réalisée",,
"COURBEVOIE",,,"Test","TIP 313 HS",,"A réaliser",,
"DANTON",,,"Test"," Armoire commande DJ HTB TR315 : légère fuite au niveau du filtre.",,"Réalisée",,
"DANTON",,,"Test"," Avaloir à curer et pompe de relevage à renforcer",,"En cours",,
"DANTON",,,"Test"," Câble BT au sol capoté dans grille HTA du TR311 ?",,"A réaliser",,
"DANTON",,,"Test"," CI TR313 et TR 315 : ampoule HS .",,"A réaliser",,
"DANTON",,,"Test"," Coffrets ventilations TR311+TR312+TR314+TR315+AT4+AT24 :voyants de signalisation HS.",,"A réaliser",,
"DANTON",,,"Test"," Eclairage à reprendre dans salle CC",,"Réalisée",,
"DANTON",,,"Test"," Nettoyage à faire au sous-sols (attente palan)",,"Réalisée",,
"DANTON",,,"Test"," TR 312 Aéros groupe 1 HS",,"Réalisée",,
"DANTON",,,"Test"," TR313 :légère fuite au niveau de la phase 10 à déterminer.",,"Réalisée",,
"DANTON",,,"Test"," TR314 fuite d’huile Ph6",,"En cours",,
"DANTON",,,"Test"," TR315 :légère fuite au niveau de la pompe",,"Réalisée",,
"DANTON",,,"Test","2 trémies à reboucher rame 4, à voir avec le réseau",,"En cours",,
"DANTON",,,"Test","Centrale incendie à contrôler et extincteurs",,"Réalisée",,
"DANTON",,,"Test","Création d’un muret autour de chaque pénétration pour stopper l’eau lors de l’entretien des aéros",,"A réaliser",,
"DANTON",,,"Test","Eclairage HS coté PIT et PIC ",,"Réalisée",,
"DANTON",,,"Test","Matériel à classer et à ranger(relais, protection commande disj, TC…)",,"A réaliser",,
"DANTON",,,"Test","PLEU à contrôler",,"A réaliser",,
"DANTON",,,"Test","Relamping salle PIT+Couloir derrière grilles HTA",,"Réalisée",,
"DANTON",,,"Test","Téléphone HS salle contrôle commande",,"Réalisée",,
"DANTON",,,"Test","TR312 : Aéro groupe 1 HS",,"A réaliser",,
"DANTON",,,"Test","TR312 : Fuite d'huile commande DJ HTB",,"Réalisée",,
"DANTON",,,"Test","TR315 : Défaut aéro furtif",,"A réaliser",,
"DANTON",,,"Test","Défaut clapet coupe feux en zone 9",,"A réaliser",,
"DANTON",,,"Test","PA HTB manque EMIC",,"A réaliser",,
"DANTON",,,"Test","Trémies a bouchée 1T43 2T49  câbles coupé non mis a la terre 1t43 Défaut DJ3T43 3T14 et S4B",,"A réaliser",,
"DANTON",,,"Test","Entretien aero a prévoir",,"A réaliser",,
"DANTON",,,"Test","Pression a 7 BAR du TR 315",,"A réaliser",,
"DANTON",,,"Test","Niveau mini DJ HTB 313",,"A réaliser",,
"DANTON",,,"Test","Légère fuite d'huile  DJ HTB 315",,"A réaliser",,
"DANTON",,,"Test","TSA 2 Bruit de tôle",,"A réaliser",,
"DANTON",,,"Test","probleme de serrure at 14",,"A réaliser",,
"LA BRICHE",,,"Test"," BPAG sous sol HS",,"Réalisée",,
"LA BRICHE",,,"Test","Aeros 312 a nettoyer",,"A réaliser",21/05/2024,
"LA BRICHE",,,"Test","Aeros 313 a nettoyer",,"Réalisée",,
"LA BRICHE",,,"Test","AEROS 611 A NETTOYER",,"Réalisée",,
"LA BRICHE",,,"Test","Certaines portes du bâtiments HTA ne sont pas à la terre.",,"Réalisée",21/05/2024,
"LA BRICHE",,,"Test","CHAUFFAGE RAMES HS",,"Réalisée",,
"LA BRICHE",,,"Test","Complément Huile Bâche DJ HTB TR611 PH8 à prévoir + fuite au niveau du filtre ",,"Réalisée",,
"LA BRICHE",,,"Test","Eclairage de l'ensemble des loges TR HS + prises de courant",,"Réalisée",,
"LA BRICHE",,,"Test","etiquettage complet des departs a faire et inversion plaque identif salles rames 3",,"Réalisée",,
"LA BRICHE",,,"Test","Faire installer serrures loges TR 3XX. ",,"A réaliser",,
"LA BRICHE",,,"Test","Formation SSI à prévoir ",,"A réaliser",,
"LA BRICHE",,,"Test","Grésillement inquiétant Rame 1B",,"Réalisée",,
"LA BRICHE",,,"Test","Installation radiateur dans la salle réserve.",,"Réalisée",,
"LA BRICHE",,,"Test","La porte du coffret AR/AUTO TR 611 est cassé",,"Réalisée",,
"LA BRICHE",,,"Test","Les portes d’accès au sous-sol et à la TCFM sont fracturées.",,"Réalisée",,
"LA BRICHE",,,"Test","Manque affichage SF6",,"Réalisée",,
"LA BRICHE",,,"Test","Manque repères DJ HTA X50 à X59 dans la Rame 3A",,"Réalisée",,
"LA BRICHE",,,"Test","nombreuses dalles HS coté bat HTA et dvant les condos",,"Réalisée",,
"LA BRICHE",,,"Test","Pas de borne Wifi pour le réseau de l’entreprise dans le poste (Uniquement en salle PCCN).",,"A réaliser",,
"LA BRICHE",,,"Test","Problème réglage SA TR611 (fermeture non conforme)",,"A réaliser",,
"LA BRICHE",,,"Test","rames HTA tres poussiereues suite aux travaux",,"A réaliser",,
"LA BRICHE",,,"Test","Relancer si les TPG sont bien installés",,"A réaliser",,
"LA BRICHE",,,"Test","Remise au propre locaux sociaux (douche, toilette, mobilier etc…). ",,"Réalisée",,
"LA BRICHE",,,"Test","Serrure HS coté piste lourde loge TR611",,"A réaliser",,
"LA BRICHE",,,"Test","serrures a reprendre",,"Réalisée",,
"LA BRICHE",,,"Test","SSI en derangement",,"Réalisée",,
"LA BRICHE",,,"Test","Téléphones PS non fonctionnels",,"A réaliser",,
"LA BRICHE",,,"Test","TS porte ouverte",,"A réaliser",,
"LA BRICHE",,,"Test","Végétation envahissant ouvrages",,"Réalisée",,
"LA BRICHE",,,"Test","Verrines TIP 611 a remplacer",,"A réaliser",,
"LA BRICHE",,,"Test","la centrale incendie est fonctionelle mais ne communique pas avec le poste et l'ACR",,"A réaliser",,
"LA BRICHE",,,"Test","Lot Rame 1 en défaut mineur / Lot auto en défaut mineur (Pb Switch FO)",,"A réaliser",,
"LA BRICHE",,,"Test","Lot TR313 avec une rupture neutre active",,"A réaliser",,
"LA BRICHE",,,"Test","Prot X92 en défaut Mineur",,"A réaliser",,
"LA BRICHE",,,"Test","Chaleur importante dans les UA / Pas de clim dans le batiment RTE",,"A réaliser",,
"LA BRICHE",,,"Test","départ BRIARD défaut mineur",,"A réaliser",,
"LA BRICHE",,,"Test","aero 312 sales",,"A réaliser",,
"LA BRICHE",,,"Test","DJ 611 fuite etna",,"A réaliser",,
"LEVALLOIS",,,"Test"," Alarme sonore (klaxon) HS",,"A réaliser",,
"LEVALLOIS",,,"Test"," Bagues d’identification de câbles HTA a vérifier sur l’ensemble des cellules HTA (ARR + Départs)",,"A réaliser",,
"LEVALLOIS",,,"Test"," Niveau 1 : vitre cassée et stockage matériel sur place ",,"Réalisée",,
"LEVALLOIS",,,"Test"," Porte d’accès de la loge TR613 HS (ne se ferme pas)",,"A réaliser",,
"LEVALLOIS",,,"Test","Absence de système protection armoires BT dans le couloir Aeros lors des entretiens Aéros ",,"A réaliser",,
"LEVALLOIS",,,"Test","AT85 : Complément d'huile à prévoir + MP ",,"Réalisée",,
"LEVALLOIS",,,"Test","Bornier télécom non protégé au premier étage",,"A réaliser",,
"LEVALLOIS",,,"Test","BPAG HS dans la totalité du PS suite à travaux BRIPS TR611? + 2 BPAG cassés au N+1 et au niveau du bâtiment 10kv ",,"A réaliser",,
"LEVALLOIS",,,"Test","Câbles BT suspendu dans le BAT",,"En cours",,
"LEVALLOIS",,,"Test","Câbles HTA tirés non capotés dans la salle de brassage",,"A réaliser",,
"LEVALLOIS",,,"Test","Couloir Grilles HTA/Selfs: Porte «provisoire» installés par le BRIPS non référables à clés",,"A réaliser",,
"LEVALLOIS",,,"Test","Eclairage extérieur insuffisant + sous sol rame HS + loge TR613 HS",,"A réaliser",,
"LEVALLOIS",,,"Test","Galerie : BP Alarme incendie posé à l’arrache en hauteur",,"A réaliser",,
"LEVALLOIS",,,"Test","Gravas sur TC non protégé dans la Grille HTA 18 (TR611)",,"Réalisée",,
"LEVALLOIS",,,"Test","Lot TR613 defaut C26 qui clignote",,"Réalisée",,
"LEVALLOIS",,,"Test","Manque affichage sur les portes des rames",,"Réalisée",,
"LEVALLOIS",,,"Test","Nettoyage appartement du 4ème étage",,"Réalisée",,
"LEVALLOIS",,,"Test","Nombreuses bouteilles « d’Azote » et « d’Air synthé » stockées dans le PS depuis les travaux BRIPS du TR611",,"A réaliser",,
"LEVALLOIS",,,"Test","Porte d'accès à la galerie ne ferme pas",,"Réalisée",,
"LEVALLOIS",,,"Test","Porte RDC accès extérieur ne se ferme à cause du bâti.",,"Réalisée",,
"LEVALLOIS",,,"Test","Salles rames poussiéreuses",,"A réaliser",,
"LEVALLOIS",,,"Test","Sous-sol Rame 2A : portes impossible à ouvrir F474",,"A réaliser",,
"LEVALLOIS",,,"Test","Stockage DJ HTA dans le batiment 10KV",,"Réalisée",,
"LEVALLOIS",,,"Test","Stockage nombreux tourets câbles HTA  sans zones dédiés",,"A réaliser",,
"LEVALLOIS",,,"Test","Téléphone ok dans la salle contrôle commande mais inexistant/HS dans le reste du PS",,"A réaliser",,
"LEVALLOIS",,,"Test","Tête détection SSI + chemins de câbles à refixer dans certains endroits ",,"A réaliser",,
"LEVALLOIS",,,"Test","TR613 : Miroir pour visualisation niveau conservateur non suffisant ",,"A réaliser",,
"LEVALLOIS",,,"Test","TS porte ouverte HS",,"A réaliser",,
"MENUS",,,"Test"," 2P43 à nettoyer",,"En cours",,
"MENUS",,,"Test"," Absence de la totalité des étiquetages (bagues) des câbles HTA en sous-sol (cellules HTA)  ",,"En cours",,
"MENUS",,,"Test"," Absence des identifications des portes des sous-sol Rames HTA ",,"Réalisée",,
"MENUS",,,"Test"," Compteur D’eau ont été remplacer identification à faire ",,"A réaliser",,
"MENUS",,,"Test"," PT 11 Câble non malté",,"En cours",,
"MENUS",,,"Test"," Serrure Locken à remplacer ",,"Réalisée",,
"MENUS",,,"Test","1 Clim sur 2 en défaut dans la salle Contrôle commande et l’autre fait un bruit anormal",,"Réalisée",,
"MENUS",,,"Test","ARMOIR dj HTB 612 VOYANT SF6 F8T612 ALLUMER",,"Réalisée",,
"MENUS",,,"Test","Armoire sf6 dj htb 611 voyant allumer ph0 A0T et F0T et F4T",,"En cours",,
"MENUS",,,"Test","Boîte dans les sous-sols de menus liaison TSA/réseau ",,"A réaliser",,
"MENUS",,,"Test","Compteur de manœuvres regl tr 612 HS commande à graisser",,"En cours",,
"MENUS",,,"Test","Eclairage HS Salle rame 1 et couloirs salles rames",,"En cours",,
"MENUS",,,"Test","Eclairage HS: SOUS SOL DES Rames 1, 2, 3 et 4 ",,"A réaliser",,
"MENUS",,,"Test","Extincteurs à reprendre ",,"A réaliser",,
"MENUS",,,"Test","Horodatage du C3S à reprendre",,"A réaliser",,
"MENUS",,,"Test","Pas d'éclairage dans la salle aéro (haut et bas) et conservateur du 612 ni couloir conservateur 612",,"En cours",,
"MENUS",,,"Test","Prévoir le retrait du rince œil bon jusqu'au 09/22",,"A réaliser",,
"MENUS",,,"Test","Raccordement borne électrique 7kW",,"Réalisée",,
"MENUS",,,"Test","Rames5A/5B hors exploitation : Présence importante de poussière dans la salle rame et sur le matériel.",,"A réaliser",,
"MENUS",,,"Test","Révision DJ mastergrid",,"Réalisée",,
"MENUS",,,"Test","Salle Batteries : Absence de système d’aération fonctionnel ",,"Réalisée",,
"MENUS",,,"Test","Salle GE : Porte coupe-feu de la pièce ne se ferme plus",,"A réaliser",,
"MENUS",,,"Test","SSI en dérangement propriété RTE sur relevé partagé actuel ",,"A réaliser",,
"MENUS",,,"Test","Stockage matériel dans la salle contrôle commande (sans balisage)",,"A réaliser",,
"MENUS",,,"Test","Stockage matériel sans balisage au niveau du rdc : salle contrôle commande, salle redresseurs et au niveau du -2 : PSEM/PIT",,"A réaliser",,
"NANTERRE",,,"Test","1F12 coupé dans la cellule ",,"A réaliser",,
"NANTERRE",,,"Test","Anciens AT43 et AT46 : Câbles HTA laissés sur place (queue de chantier BRIPS ?)",,"A réaliser",,
"NANTERRE",,,"Test","BPAG absent: Salle UA, intégralité des Grilles HTA TR611-612-613-614 (intérieur et extérieur), intégralité des salles rames (sauf Rame 7), intégralité des salles sous-sol rames (sauf rame 7), aérien 225kv entièrement ",,"A réaliser",,
"NANTERRE",,,"Test","BPAG HS : Salle Rame 7, sous-sol rame 7, TR612, TR614, TR613 (1/2 HS)",,"A réaliser",,
"NANTERRE",,,"Test","BPAG rame 7A et B HS",,"A réaliser",,
"NANTERRE",,,"Test","BPAG sous-sol rame 7 HS",,"A réaliser",,
"NANTERRE",,,"Test","Câbles BT posé au sol dans l’entrée bâtiment HTA (chantier RTE sans zone de travail ?)",,"Réalisée",,
"NANTERRE",,,"Test","Câbles entre condo et grille TR613 Faire virer les cellules et les câbles",,"Réalisée",,
"NANTERRE",,,"Test","Cellule HTA FT33 + 2F54 : Trémies rebouchées a la mousse expansive",,"A réaliser",,
"NANTERRE",,,"Test","Changer les voyants coffret de présence ",,"A réaliser",,
"NANTERRE",,,"Test","Cloture HS fosse déportée",,"A réaliser",,
"NANTERRE",,,"Test","Dalles cassées entre les minis grilles HTA du transformateur 613 et 614. ",,"Réalisée",,
"NANTERRE",,,"Test","Dalles cassées ou absentes",,"Réalisée",,
"NANTERRE",,,"Test","Fosse déportée ENEDIS vide d'eau",,"A réaliser",,
"NANTERRE",,,"Test","Goudronnage devant le PS ",,"Réalisée",,
"NANTERRE",,,"Test","Local Condos CF01 : Plusieurs DJHTA laissés à l’intérieur ",,"A réaliser",,
"NANTERRE",,,"Test","Pas de téléphone fonctionnels ",,"Réalisée",,
"NANTERRE",,,"Test","Plusieurs chauffage HS dans les rames ( rames 3, 5,6) ",,"A réaliser",,
"NANTERRE",,,"Test","Rame3 : Barre anti-panique cassée",,"Réalisée",,
"NANTERRE",,,"Test","Relamping a faire",,"Réalisée",,
"NANTERRE",,,"Test","Relancer GDP sur l’accès cassé au niveau du bâtiment 20kV",,"Réalisée",,
"NANTERRE",,,"Test","Risque plain-pied salle rame N°4",,"A réaliser",,
"NANTERRE",,,"Test","Salle UA : câbles non identifiés, tresses de câbles non raccordées ",,"Réalisée",,
"NANTERRE",,,"Test","Serrure BR RTE avec tranches ENEDIS TR611 explosé",,"A réaliser",,
"NANTERRE",,,"Test","Serrure porte vitré HS couloir bâtiment HTA ",,"Réalisée",,
"NANTERRE",,,"Test","Serrures bâtiments HTA avec des Locken RTE exclusif : Impossible à ouvrir par ENEDIS – Actuellement le bâtiments HTA reste ouvert 24/24",,"Réalisée",,
"NANTERRE",,,"Test","Sous-sol Rame 2: Protection mécanique câble HTA cassé au sol",,"A réaliser",,
"NANTERRE",,,"Test","TR614 nettoyage aeros",,"Réalisée",,
"NANTERRE",,,"Test","Trémie a reboucher 1F29",,"A réaliser",,
"NANTERRE",,,"Test","Trémie HTA 1F29 à reboucher",,"En cours",,
"NANTERRE",,,"Test","Tresse de terre 2F70 non câblée (BO MONTMAGNY) ",,"En cours",,
"NANTERRE",,,"Test","Défaut liaison TA est passé en disparition suite au redémarrage.",,"Réalisée",,
"NANTERRE",,,"Test","Manque le module ECCD dans la sous tranche sur les départs 1F23 et FT12 (Départs O+débrochés)",,"A réaliser",,
"NANTERRE",,,"Test","Niveau d’huile de l’AT 03 à surveiller",,"A réaliser",,
"NANTERRE",,,"Test","Silicagel à changer sur le TR 611",,"A réaliser",,
"NANTERRE",,,"Test","Un ICH à l’arrêt sur le TR612 (j’ai vérifié les relais des deux pompes KM1 et KM2 fonctionnent)",,"A réaliser",,
"NANTERRE",,,"Test","Coulure de la RLT sur les liaisons HTA TR611/612 (Risque de déclenchement par la masse grille)",,"A réaliser",,
"NANTERRE",,,"Test","Température armorie régleur TR614",,"Réalisée",,
"NANTERRE",,,"Test","Trémis à boucher la rame 4 et 6 + 1F12 + 1F29 + FT15",,"A réaliser",,
"NANTERRE",,,"Test","Niveau d'huile sur le TR612 n'est pas très lisible",,"A réaliser",,
"NANTERRE",,,"Test","Entretien aéro à prévoir sur le TR611 + TR614",,"A réaliser",,
"NANTERRE",,,"Test","Fuite au niveau du pressostat de la commande DJ HTB 613 PH4",,"A réaliser",,
"NANTERRE",,,"Test","Terre batterie sur le redresseur CC",,"A réaliser",,
"NANTERRE",,,"Test","Coulure matiere RLT sur les grille du TR611 et 612",,"A réaliser",,
"NANTERRE",,,"Test","Ecl a revoir sur le DJ de commande du TR 612",,"A réaliser",,
"NOVION",,,"Test"," Local UA /redresseurs sans aération -> températures élevées ",,"A réaliser",,
"NOVION",,,"Test","  Problème de gestion de l’eau avec deux compteur différents, récupérer l’autorisation de RTE d’utiliser égalements leurs arrivées plus pratique pour nettoyage des aéros ",,"Réalisée",,
"NOVION",,,"Test","Batiment HTA a nettoyer",,"A réaliser",,
"NOVION",,,"Test","Borne anti stationnement : boitier commande HS",,"Réalisée",,
"NOVION",,,"Test","BPAG ok mais présence de seulement 3 BPAG en sous-sol ",,"A réaliser",,
"NOVION",,,"Test","Câble HTA coupé au niveau du sol de la cellule HTA N95 BO MONTMAGNY",,"En cours",,
"NOVION",,,"Test","Câble touché sur le parking lors de terrassement pour travaux RTE (sur le chantier de renouvellement du contrôle d’accès) laissé sans suite. ",,"A réaliser",,
"NOVION",,,"Test","Chariot d’essai embroché dans la cellule N24 (était déjà présent en 2021 suite à une précédente visite) BO MONTMAGNY",,"En cours",,
"NOVION",,,"Test","Chauffage : rame L, K, J  inexistant, ne fonctionne pas dans rame G, H, C, pulsadis ",,"A réaliser",,
"NOVION",,,"Test","Croisement de DJHTA dans plusieurs cellules + quelques DJ HTA abandonnées désossées",,"A réaliser",,
"NOVION",,,"Test","Désherbage à prévoir ",,"A réaliser",,
"NOVION",,,"Test","Eclairage a reprendre dans la loge du TR616",,"A réaliser",,
"NOVION",,,"Test","éclairage HS armoire commande 610 ph 4",,"Réalisée",,
"NOVION",,,"Test","Eclairage HS dans certaines galeries",,"A réaliser",,
"NOVION",,,"Test","Fuite sur le pressostatdu TR 610 ph4",,"Réalisée",,
"NOVION",,,"Test","Fuite sur le TR 612 au niveau de la bride clapet CEM",,"Réalisée",,
"NOVION",,,"Test","Manque plusieurs diviseur capacitif dans toute les rames",,"A réaliser",,
"NOVION",,,"Test","Matériel de stockage non balisé sur le parking (suite à travaux RTE ?)  ",,"A réaliser",,
"NOVION",,,"Test","N57 N47 cables MALT au sol",,"A réaliser",,
"NOVION",,,"Test","N95 cable HTA coupé au sol",,"A réaliser",,
"NOVION",,,"Test","Nettoyage locaux sociaux",,"Réalisée",,
"NOVION",,,"Test","Pièce OMF : Décharge sauvage de matériel + composants ",,"A réaliser",,
"NOVION",,,"Test","Pieds structure ex JDB presents",,"A réaliser",,
"NOVION",,,"Test","Plusieurs condo gonflé",,"A réaliser",,
"NOVION",,,"Test","Présences de câbles BT devant les TR612/614 non passés dans des caniveaux ",,"A réaliser",,
"NOVION",,,"Test","Rame c manque etiquettage",,"A réaliser",,
"NOVION",,,"Test","SA 610 barre 1 ph0 mal réglé",,"A réaliser",,
"NOVION",,,"Test","Salles rames poussiéreuses ",,"A réaliser",,
"NOVION",,,"Test","Sol instable niveau aerien 225KV",,"A réaliser",,
"NOVION",,,"Test","SSI en dérangement Détecteur en galerie qui pose problème à déplacer.",,"A réaliser",,
"NOVION",,,"Test","SSI en derangement pour la galerie + zone mise hors service",,"A réaliser",,
"NOVION",,,"Test","Système fermeture du Portail en mauvais état + système bornes anti stationnement HS ",,"A réaliser",,
"NOVION",,,"Test","TIP TR616 niveau d'huile a compléter",,"A réaliser",,
"NOVION",,,"Test","TR 614 baches remplit d'huile et d'eau",,"A réaliser",,
"NOVION",,,"Test","TR312 aeros a nettoyer",,"A réaliser",,
"NOVION",,,"Test","TR312 bruits d'helices",,"A réaliser",,
"NOVION",,,"Test","TR312 : Eclairage à reprendre à l’intérieur de la loge + éclairage tombé à l’extérieur",,"A réaliser",,
"NOVION",,,"Test","TR314 aeros a nettoyer",,"A réaliser",,
"NOVION",,,"Test","TR612 : Pompe HS + Bruit anormal au niveau d’un moteur (bas droit)",,"A réaliser",,
"NOVION",,,"Test","TR612 areos a nettoyer",,"Réalisée",,
"NOVION",,,"Test","TR614 : Bruit anormal pompe Huile + TR s’enfonce (sol instable)",,"A réaliser",,
"NOVION",,,"Test","TR614 bruit a la pompe",,"A réaliser",,
"NOVION",,,"Test","TR614 fuites existantes et conservateur vide",,"A réaliser",,
"NOVION",,,"Test","TR614 : Présence fuite Huile + Bâche rempli huile/eau à vider + Bruit au niveau de la pompe",,"Réalisée",,
"NOVION",,,"Test","Tremie s non rebouchées N44,N84,N46,N75,N74,N73,N72",,"A réaliser",,
"NOVION",,,"Test","Trémies mal rebouchées au niveaux des cellules HTA N72,N73,N74,N75 et N84 BO MONTMAGNY",,"En cours",,
"NOVION",,,"Test","Trémies non rebouchées au niveau des cellules HTA N77 et N112 BO MONTMAGNY",,"En cours",,
"NOVION",,,"Test","tS porte ouverte HS",,"A réaliser",,
"NOVION",,,"Test","Aéro désequilibré TR616",,"A réaliser",,
"NOVION",,,"Test","Végétation à surveiller assez haute",,"A réaliser",,
"NOVION",,,"Test","610 ph4 616 ph0 616 ph4 616 ph8 niveau bas ",,"A réaliser",,
"NOVION",,,"Test","Centrale incendie en derangement",,"A réaliser",,
"NOVION",,,"Test","Nid d'oiseau",,"A réaliser",,
"NOVION",,,"Test","TA: tss3 allumé + df liaison",,"A réaliser",,
"PUTEAUX",,,"Test","225KV aerien eclairage HS dans la zone TR/grille HTA 612",,"A réaliser",,
"PUTEAUX",,,"Test","Absence BPAG Loge TR613 + Absence BPAG niveau 225KV aérien",,"A réaliser",,
"PUTEAUX",,,"Test","Absence de sabot de terre dans la grille HTA 612",,"A réaliser",,
"PUTEAUX",,,"Test","Alarme sonore HS : Bâtiment HTA + Nouveau Bâtiment TR",,"A réaliser",,
"PUTEAUX",,,"Test","Ancienne LS HTB 612 coupée mais non capotée/MALT",,"A réaliser",,
"PUTEAUX",,,"Test","AT23 et AT36 : Terrassement devant les loges",,"A réaliser",,
"PUTEAUX",,,"Test","Barre anti-panique sous-sol TR612 HS",,"A réaliser",,
"PUTEAUX",,,"Test","Câbles HTA coupés et laissés racco dans les cellules HTA : 1H64 + 1H63",,"A réaliser",,
"PUTEAUX",,,"Test","Canalisation dans les loges TR611 + 612 non raccordées à la terre",,"A réaliser",,
"PUTEAUX",,,"Test","Dalles manquantes côté 225KV",,"A réaliser",,
"PUTEAUX",,,"Test","Dans les armoires du tr612 Pas d'éclairage (ampoule changer mais pas d’éclairage)",,"Réalisée",,
"PUTEAUX",,,"Test","Eau dans les galeries",,"En cours",,
"PUTEAUX",,,"Test","Eclairage Aérien HS ",,"A réaliser",,
"PUTEAUX",,,"Test","Eclairage partiel : Rame 6 + Aérien 225kv + Ancienne Loge TR611+ Loge TR613 + sous-sol Grille HTA ",,"A réaliser",,
"PUTEAUX",,,"Test","Escaliers : Vitre cassé",,"A réaliser",,
"PUTEAUX",,,"Test","Extincteur bâtiment HTA: Dernière vérification en 2021",,"A réaliser",,
"PUTEAUX",,,"Test","Grille HTA 611 + 612 : Canalisation proche des moserglaser + collier serrage non mis à la terre",,"A réaliser",,
"PUTEAUX",,,"Test","Groupe moto-ventilateur des Aeros TR611(sous tension) et TR612 (en exploitation) : Absence de liaison équipotentielle ",,"A réaliser",,
"PUTEAUX",,,"Test","Impossible de voir le niv d’huile de l’AT 36 verrine très sale",,"A réaliser",,
"PUTEAUX",,,"Test","Manque badges d’accès coté 225KV pour l’AMEPS",,"Réalisée",,
"PUTEAUX",,,"Test","Nombreuses trémies à reboucher dans le bâtiment TR (loge, etage, etc)",,"A réaliser",,
"PUTEAUX",,,"Test","Nombreux points d'infiltration eau dans le nouveau batiment",,"A réaliser",,
"PUTEAUX",,,"Test","Nouveau bâtiment : Plusieurs câbles BT au sol sans zone de travail",,"A réaliser",,
"PUTEAUX",,,"Test","Nouvelle LS HTB 612 raccordée sur TR : Limailles présente en sous-sol, LS en cours de fixation dans la loge TR, LS non fixée en sous-sol, TC non mis en place",,"A réaliser",,
"PUTEAUX",,,"Test","Pas d'éclairage dans le local TCFM",,"A réaliser",,
"PUTEAUX",,,"Test","Plusieurs dalles cassé au niveau dans la partie 225KV",,"A réaliser",,
"PUTEAUX",,,"Test","Plusieurs DJ HTA  dans les salles rames + stockage materiel salle contrôle commande",,"A réaliser",,
"PUTEAUX",,,"Test","Plusieurs trémies de cellules HTA non rebouchés (Rames 5 et 6) + Inscription à l’indélébile sur Cellule HTA 1H38 ",,"En cours",,
"PUTEAUX",,,"Test","Portes des salles des aéros TR611 et TR612 tape contre un tube iro : bloque-porte ?",,"A réaliser",,
"PUTEAUX",,,"Test","Salle PIT : Stockage matériel",,"A réaliser",,
"PUTEAUX",,,"Test","Salle RPN 612 asséché mais trace d’eau sur le TC (connectique S2 ?)",,"A réaliser",,
"PUTEAUX",,,"Test","Salle SAPUT1 – 2I+2P : Stockage matériel et Groom HS",,"A réaliser",,
"PUTEAUX",,,"Test","Serrure Locken HS sur Portail bâtiment HTA ",,"A réaliser",,
"PUTEAUX",,,"Test","Serrure Locken Loge TR611 HS ",,"A réaliser",,
"PUTEAUX",,,"Test","Sous-sol bâtiment HTA : Nombreux câbles HTA coupés, non capotés et MALT",,"A réaliser",,
"PUTEAUX",,,"Test","Sous-sol nouveau bâtiment : Pompe HS ? Besoin de réarmement régulier ",,"A réaliser",,
"PUTEAUX",,,"Test","Stockage de planches en bois dans la salle des aeros TR612",,"A réaliser",,
"PUTEAUX",,,"Test","Stockage de plusieurs DJ HTA dans les salles Rames.",,"Réalisée",,
"PUTEAUX",,,"Test","Stockage materiel interieur et exterieur",,"A réaliser",,
"PUTEAUX",,,"Test","Téléphone HS ",,"Réalisée",,
"PUTEAUX",,,"Test","TIP TR613 HS",,"A réaliser",,
"PUTEAUX",,,"Test","TR611 (ancien) prévoir vidange conservateur et transfo partie haute",,"Réalisée",,
"PUTEAUX",,,"Test","Trémies a reboucher dans les salles rames : 2H25 + 1H34 + HT15 + 2H51 + 2H52 + 1H60 + 1H61 + 1H62 + 1H63 + 1H64 + 1H65 + 1H66 + 1H67 + 1H68  + 1H69",,"A réaliser",,
"PUTEAUX",,,"Test","Tremies a reboucher HT15-2H51-2H52-2H55-2H64-1H66",,"A réaliser",,
"PUTEAUX",,,"Test","Vegetation depassant depuis le voisinage cote batiment",,"A réaliser",,
"RUEIL",,,"Test"," Éclairage à revoir côté PIT 612 ",,"Réalisée",,
"RUEIL",,,"Test","BAES",,"Réalisée",,
"RUEIL",,,"Test","BPAG HS   Bouton qui doit prendre l’eau car alarme intempestives relais démonté dans TG. ",,"A réaliser",,
"RUEIL",,,"Test","C3S HS",,"A réaliser",,
"RUEIL",,,"Test","Chauffage HS dans tout le poste",,"A réaliser",,
"RUEIL",,,"Test","Clé RTE plus dans le boîtier on ne peut plus accéder aux bâtiments RTE",,"Réalisée",,
"RUEIL",,,"Test","Cloture côte 225KV HS",,"A réaliser",,
"RUEIL",,,"Test","Gros relamping a faire",,"A réaliser",,
"RUEIL",,,"Test","Il manque des diviseurs capacitif sur de nombreuses cellules HTA ",,"A réaliser",,
"RUEIL",,,"Test","Intérieur des pieds du TR 312 rouillés dut à de l'eau qui stagne ",,"A réaliser",,
"RUEIL",,,"Test","Klaxon HS",,"A réaliser",,
"RUEIL",,,"Test","La borne incendie coté 225KV qui fuit et crée un micro climat avec des plantes tropicales ",,"En cours",,
"RUEIL",,,"Test","Nombreux tourets et palettes entreposés dans le poste",,"A réaliser",,
"RUEIL",,,"Test","Pas de chauffage ni d'éclairage dans les armoires du TR 311  ",,"A réaliser",,
"RUEIL",,,"Test","Pas d'éclairage dans la loge TR 611",,"A réaliser",,
"RUEIL",,,"Test","Pb OZONE Rame 3",,"A réaliser",,
"RUEIL",,,"Test","Prochaine consignation du TR311 vider bac de rétention TIP et solution pour éviter le remplissage",,"A réaliser",,
"RUEIL",,,"Test","Quelques dalles cassées à remplacer ",,"Réalisée",,
"RUEIL",,,"Test","Rame 3 grosse odeur d'ozone",,"A réaliser",,
"RUEIL",,,"Test","SILICAGEL HS TR311",,"Réalisée",,
"RUEIL",,,"Test","SsI en derangement defaut batterie",,"A réaliser",,
"RUEIL",,,"Test","Tous les BAES sont a reprendre",,"Réalisée",,
"RUEIL",,,"Test","Tranche generale alarme danger HS",,"A réaliser",,
"RUEIL",,,"Test","Tremies 2C24, 2C62, 2C63, 2C64, 2C65, 2C66, 2C67  a reboucher",,"A réaliser",,
"RUEIL",,,"Test","Trémies à reboucher rame 6 et rame 2 (BO NANTERRE)",,"En cours",,
"RUEIL",,,"Test","Triflash HS",,"A réaliser",,
"RUEIL",,,"Test","TS porte ouverte HS",,"A réaliser",,
"RUEIL",,,"Test","TS porte ouverte ne remonte pas à l' ACR ",,"A réaliser",,
"RUEIL",,,"Test","Ue partie des BPAG ne fonctionne pas",,"A réaliser",,
"RUEIL",,,"Test","Une Trappe ventilation haute fermée loge TR612",,"Réalisée",,
"RUEIL",,,"Test","Verdure pousse sous le JDB 63KV",,"A réaliser",,
"SAINT OUEN",,,"Test","A116 : Rack de protection déposé / 2 racks de protection posés au sol ",,"A réaliser",,
"SAINT OUEN",,,"Test","Besoin de ravalement de façade du bâtiment HTA ",,"En cours",,
"SAINT OUEN",,,"Test","BPAG à acquitter dans le lot auto à chaque manip ",,"A réaliser",,
"SAINT OUEN",,,"Test","Cellule HTA A146 Identification définitive à faire",,"Réalisée",,
"SAINT OUEN",,,"Test","Cellule HTA A147 Identification définitive à faire",,"Réalisée",,
"SAINT OUEN",,,"Test","Changement des manos sur les câbles des 6XX ",,"en cours",,
"SAINT OUEN",,,"Test","Complément d'huile liaison HTB TR611 à faire",,"Réalisée",,
"SAINT OUEN",,,"Test","Concertina HS coté AT",,"A réaliser",,
"SAINT OUEN",,,"Test","CP168 : Manque plaque de façade sur rack protection Faire plaque puis elle sera posée dans la foulée",,"Réalisée",,
"SAINT OUEN",,,"Test","Défaut mineur sur le lot ½ rame F et A",,"A réaliser",,
"SAINT OUEN",,,"Test","DJ HTA 148 en attente de vérification dans la rame B",,"A réaliser",,
"SAINT OUEN",,,"Test","Eclairage des galeries à reprendre ",,"A réaliser",,
"SAINT OUEN",,,"Test","Eclairage extérieur à revoir",,"A réaliser",,
"SAINT OUEN",,,"Test","EMIC HS -> Ecran noir",,"Réalisée",,
"SAINT OUEN",,,"Test","Lors déclenchement RS et buchholz on peut refermer le DJ HTB sur le TR611 ",,"A réaliser",,
"SAINT OUEN",,,"Test","Manque plaque de cuisson dans la cuisine",,"A réaliser",,
"SAINT OUEN",,,"Test","Matériel + DJHTA dans les salles Rames (sans protection contre la poussière)",,"A réaliser",,
"SAINT OUEN",,,"Test","Présence matériel RTE sur le 225kv sans balisage",,"A réaliser",,
"SAINT OUEN",,,"Test","Présence végétation Grille HTA TR611",,"Réalisée",,
"SAINT OUEN",,,"Test","Présence végétation Grille HTA TR613",,"Réalisée",,
"SAINT OUEN",,,"Test","Présence végétation Grille HTA TR615 ",,"Réalisée",,
"SAINT OUEN",,,"Test","Réparation liaison HTB TR611 à faire avec RTE",,"Réalisée",,
"SAINT OUEN",,,"Test","SAB1 TR613 ne se ferme pas complètement en TC et pas de retour de position au SENP",,"Réalisée",,
"SAINT OUEN",,,"Test","Salles TSA + Redresseurs : Ventilation à prévoir dans ces salles / Extrêmement chaud",,"En cours",,
"SAINT OUEN",,,"Test","Serrures trappes galeries gauche et droite HS ",,"En cours",,
"SAINT OUEN",,,"Test","Téléphone HS au PS",,"A réaliser",,
"SAINT OUEN",,,"Test","TS porte ouverte HS depuis le déplacement du portail par RTE",,"Réalisée",,
"SAINT OUEN",,,"Test","Végétation sur barbelés depuis le voisinage",,"Réalisée",,
"SAINT OUEN",,,"Test","Voyant Coffret présence HS ",,"A réaliser",,
"SAINT OUEN",,,"Test","SSI en dérangement/défaut système",,"A réaliser",,
"SAINT OUEN",,,"Test","Défaut mineur sur calculateur tête lot 3 rame FA",,"A réaliser",,
"SAINT OUEN",,,"Test","Bruit de tôle ou/et de transite dans les rames G et A mais pas d’odeur",,"A réaliser",,
"SAINT OUEN",,,"Test","Les départs (libres) 194 et 135 ont des défauts majeur/mineur  ",,"A réaliser",,
"SAINT OUEN",,,"Test","Chaleur importante dans la salle TSA, pas d'aération !! (Porte ouverte en attendant une solution)",,"A réaliser",,
"SAINT OUEN",,,"Test","Odeur de chaud dans le local redresseur, pas d’aération dans celui-ci j’ai donc bloqué les portes ouvertes",,"A réaliser",,
"SAINT OUEN",,,"Test","Batterie TCM 48V à remplacer rapidement ! 2 élèments ont gonflés ! Chaleur Importante dans le local batterie",,"A réaliser",,
"SAINT OUEN",,,"Test","TCFM défaut mineur non acquittable",,"A réaliser",,
"TILLIERS",,,"Test","Alimentation coffrets pompes 1 et 2",,"En cours",,
"TILLIERS",,,"Test","Borne de recharge vE a raccorder",,"En cours",,
"TILLIERS",,,"Test","Chauffage à changer ",,"En cours",,
"TILLIERS",,,"Test","Dalles à changer ",,"Réalisée",,
"TILLIERS",,,"Test","Des câbles BT sont à tétiner, à déposer ou étiqueter entre les loges TR612-613 , ainsi que dans les loges AT sous les coffrets AT",,"A réaliser",,
"TILLIERS",,,"Test","Eclairage a reprendre sur l'ensemble du batiment",,"A réaliser",,
"TILLIERS",,,"Test","Faire l’identification des étiquettes à changer et les poser ",,"A réaliser",,
"TILLIERS",,,"Test","Fuite clim salle CC",,"Réalisée",,
"TILLIERS",,,"Test","Gradin de condos à déposer en totalité + MALT à mettre sur câble HTA",,"A réaliser",,
"TILLIERS",,,"Test","Il n’y a pas de réel locaux sociaux (vestiaires salle de repos digne de ce nom…) ",,"Réalisée","attente reponse atalian 30/04/2024",
"TILLIERS",,,"Test","Il y a un « ménage » de câbles HTA (surement anciennes liaisons HTA inter-rames) à faire au sous-sol",,"Réalisée",,
"TILLIERS",,,"Test","Il y a un gros relamping à faire voir renouvellement des luminaires car anciens modèles type néon ",,"Réalisée",,
"TILLIERS",,,"Test","Les dalles de plafonds tombent au fur et à mesure il est temps d’intervenir avant un accident  ",,"Réalisée",21/05/2024,
"TILLIERS",,,"Test","Niveau bas TIP Grille TR611",,"A réaliser",,
"TILLIERS",,,"Test","Pancarte EPI ""bien équipé?"" à refixer",,"A réaliser",,
"TILLIERS",,,"Test","Porte à remplacer rame HTA ",,"Réalisée",,
"TILLIERS",,,"Test","Remplacer fenêtre côté locaux sociaux RTE",,"A réaliser",,
"TILLIERS",,,"Test","RGT PS à reprendre en définitif",,"A réaliser",,
"TILLIERS",,,"Test","Tout l’éclairage extérieur du poste est HS (+ de nombreuses zones en intérieur)",,"Réalisée",,
"TILLIERS",,,"Test","Trémies rame E à reboucher (BO MONTMAGNY)",,"En cours",,
"TILLIERS",,,"Test","Végétation voisin envahissant ouvrages dégradation clôtures et bavolets",,"En cours",,
"TILLIERS",,,"Test","Clim salle contrôle commande HS",,"A réaliser",,
"TILLIERS",,,"Test","Rames5A/5B hors exploitation : Présence importante de poussière dans la salle rame et sur le matériel.",,"A réaliser",,
